Tweet,Sentiment
#Walmart teaming up with @zipline to launch an #autonomous aircraft delivery service in No‚Ä¶,Neutral
"üí• Mathematics is Magic!

#AI #MachineLearning #data #DataScience #coding #Python #100DaysOfCode #learning #CloudComputing‚Ä¶",Neutral
"6 Ways #AI-Based Personalization Is Improving the #CustomerExperience
#ML #NLP #Robotics #ArtificialIntelligence #CX‚Ä¶",Positive
I Made a Git Cheat-Sheet by @elmiracodes. #BigData #Analytics #DataScience #AI #MachineLearning #IoT #IIoT #PyTorch #Pytho‚Ä¶,Neutral
"üëåIntroducing #TensorFlow #Graph Neural Networksüëà
#graphML #GNN #AI #MachineLearning
Cc @Khulood_Almani @MargaretSiegien‚Ä¶",Neutral
A very special first listing. Signed... First edition... Chains of the Sea... #Aliens #ultraterrestrials #ufotwitter #‚Ä¶,Positive
"13 unusual ways to #travel!
#AI #IoT #Meta #EV
by @LeonyMerks
TY @Ronald_vanLoon

@sebbourguignon @tewoz @AshokNellikar‚Ä¶",Positive
". Even @ the brink, don't give up!

#Python‚úçÔ∏è #BigData #Analytics #AI #DataScience #IoT #IIoT #Azure #PyTorch #Cython #RS‚Ä¶",Neutral
"Will combination of #AI &amp; ITSM continue to add value as #technology matures?
#minutearticle #womenintech #women #Machine‚Ä¶",Positive
"[#Innovation] This Scottish island has the world's first tidal-powered electric car charger via @gigadgets_

#AI #Engin‚Ä¶",Neutral
"Programming languages!! ‚ú® Comment your favourite.
#100DaysOfCode
@AmiitCodes

#AI #blog #OpenSource #Python #programming #A‚Ä¶",Neutral
love you baby AI #AI,Positive
"In a highly regulated industry, protecting patient data and preventing #cyberattacks are top priorities.

#hclswlobp #noc‚Ä¶",Positive
"üí≥ credit @KiiaraAnatomy 
Heart of #streamteamlilkiiwi #home #WomanWhoCode #CodeNewbie #Serverless #Security #Eminem @Em‚Ä¶",Positive
"By offloading visual processing and AI object recognition to edge-level devices, the Edge AI solution eliminates the need to‚Ä¶",Positive
StrawberryHarvesting #Harvesting #Robots #AI #ArtificialIntelligence #innovation #automation #robot #robotics #sustainability‚Ä¶,Neutral
"Robots training to become construction workers. Soon.

#Analytics #MachineLearning #AI #Python #Rstats #Reactjs #IoT #IIoT #L‚Ä¶",Neutral
"POWER of GPT-3

To see, what is possible with this creative writing allrounder, check out my series, experiments, weird occ‚Ä¶",Positive
"Movie Night üçø üé• #NoTimeToDie 
#GhostbustersAfterlife #Python 
#WomanWhoCode #CodeNewbie #100DaysOfCode #Serverless #Sec‚Ä¶",Neutral
"O-Net By ONPASSIVE 2021 ‚ùóÔ∏è 
üì≤A revolutionary Social Networking platform... 
üîóConnect with your friends and family and discover‚Ä¶",Positive
"üé• Go Ahead ; We Got The Time 
#neverseenbefore #ididitfirst #AI 
#Serverless #Security #CodeNewbie 
#GitHub #trendingki‚Ä¶",Neutral
Data structures in #Python #BigData #Analytics #AI #DataScience #IoT #IIoT #Azure #PyTorch #Cython #RStats #DotNet #C #CPP‚Ä¶,Neutral
"Dimensions of the output from Convolution Neural Network
#DataScience #DeepLearning #MachineLearning  #ComputerVision‚Ä¶",Neutral
"3‚É£-point MasterüèÄ

üß∑Cc: @IrenaTadic1 #MachineLearning #AI #Python #Rstats #Reactjs #IoT #IIoT #Linux #Serverless #flutter #‚Ä¶",Neutral
"#Revenues from #AI for #Enterprise #Applications #Market‚û°Ô∏è2016-2025

#DataScience #programming #FF14 #NFTs #java #Metav‚Ä¶",Neutral
"50+ Examples of How Blockchains are Taking Over the World

#MachineLearning #AI #Python #DataScience #BigData
#DeepLearn‚Ä¶",Neutral
"Who will be the next 2 people to get @traderverseio to 2000 followers?

#NFT #Education #AI #Stocks #Crypto #HODL #Organi‚Ä¶",Neutral
"A simulated video üé• of eye üëÅ movements via @EasternStyle1 

#Programming #AI #100DaysOfCode #MachineLearning #ML #Python #An‚Ä¶",Neutral
"@TheMoonCarl @KittyInuErc20 $250k Martketing confirmed for Asia üåè¬†World Domination üåé
 #Kittyinu #KittyVerse #KittyKart‚Ä¶",Negative
"Log Parsing Cheat Sheet!

#log #Linux #unix #cheatsheet #100DaysOfCode #code #CodeNewbie #Developers #bugbounty #OpenSource #P‚Ä¶",Negative
"How to Build LSTM Models for Time Series Forecasting

#BigData #Analytics #DataScience #AI #MachineLearning #IoT #IIoT #‚Ä¶",Neutral
"Artificial Intelligence and Machine Learning, Cloud Computing, and 5G Will Be the Most Important Technologies in 2022, Say‚Ä¶",Positive
"Uses of #Python üí°
Via @ingliguori 
#DataScientists #BigData #Analytics #DataScience #AI #IoT #IIoT #PyTorch #‚Ä¶",Neutral
"HOMEWORK HELP
DM us @writersxcellent

#commission
#Coursework
Essays
Exams

#ArtificialIntelligence 
#DigitalMarketing‚Ä¶",Positive
AWS She Builds CloudUp is a training &amp; certification program for #women offering free exam vouchers &amp; connections to wo‚Ä¶,Positive
"Researchers made a bat #Robot
by @mashable

#MachineLearning #AI #BigData #ArtificialIntelligence #ML #Robotics #Techno‚Ä¶",Neutral
"@synesis_one is doing something groundbreaking with #NFTVocabulary in the #SNSONE #AI ecosystem. 

@defioracle @unclebob‚Ä¶",Neutral
"Henry Kissinger and Eric Schmidt take on #AI
‚óæThe statesman and Google‚Äôs former boss issue a salutary warning about the fut‚Ä¶",Negative
"Service by #Nikseam
#MachineLearning #5G #DataScience #startup #100DaysOfCode #mumbai #Python #Cybersecurity #BigData #IoT #‚Ä¶",Neutral
".@Adobe's got a new ""sneak"" called Project Sunshine which uses #AI to bring 2D doodles to life in animated cartoons. The‚Ä¶",Positive
"#DataScience Books you should start reading

#AI #ML #DL #python #algo #finance #fintech #stats #education #math #coding @F‚Ä¶",Neutral
"Medical Training and Simulation in #AugmentedReality

V/@Ronald_vanLoon 

#AI #AR #XR #VR #AR #VirtualReality #5G #Heal‚Ä¶",Neutral
"#Nvidia plans ""most energy efficient #supercomputer ever"", will use it to build a digital twin of tehe Earth

‚ÄúWe will buil‚Ä¶",Positive
"This is the world's first #3D printed steel bridge
by @gigadgets_

#AI #BigData #MachineLearning #ML #MI #3DPrinting #I‚Ä¶",Neutral
"Congrats everyone in the #IoTPremierLeague!

#IoTCommunity #IoT #IIoT #IoTPL #IoTSlam #ThoughtLeaders #Influencers #tech #‚Ä¶",Positive
"What‚Äôs the difference between #DataScience #BigData and Data Analytics?¬†

#DigitalTransformation #MachineLearning #Artific‚Ä¶",Neutral
The @UUtah‚Äôs #SchoolofComputing has received more than $1.4M from the State of Utah to launch a new graduate-level degree &amp; co‚Ä¶,Neutral
"happy times, heavy times.

#–≤–Ω–∏–º–∞–Ω–∏–µ! the plague doctor is a rat in disguise! 

#ruDalle #AI #AIa‚Ä¶",Positive
"Can you spell #AI in $FLUX network üëá 

Indeed yes you can #ArtificialIntelligence is tested RN. Super bullish on #FLUX still e‚Ä¶",Positive
"If you have a good Internet connection, you can strengthen the #BitcoinZ network by keeping full node software running on‚Ä¶",Positive
"üëáüèΩ Any @SAISHopkins students interested in studying  #China, #cybersecurity, #disinformation, #AI &amp; #nationalsecurity, &amp; loo‚Ä¶",Positive
"Learning about #Database.
#100DaysOfCode #DataScience #BigData #AI #womeninSTEM #MachineLearning #IoT #IIoT #PyTorch #Python‚Ä¶",Neutral
Building an AI system is a careful process of reverse-engineering human traits and capabilities in a machine and using i‚Ä¶,Positive
"üí°What are the skills needed for Canada's workforce to thrive in the age of AI and the future of work?  

Watch the @Futur‚Ä¶",Neutral
Mount Sinai researchers are using #AI and @NVIDIA #GPUs on #Azure to detect heart failure in EKGs often undetectable to the hu‚Ä¶,Negative
"#ArtificialIntelligence and #DataScience are disrupting the world of healthcare.

In this short video, Synthia and Dav‚Ä¶",Neutral
Deep Learning In Production Course. #BigData #Analytics #DataScience #AI #MachineLearning #IoT #IIoT #Python #RStats #TensorF‚Ä¶,Neutral
"Rise Of #ArtificialIntelligence Means Architects Are ""doomed"" Says Sebastian Errazuriz
by @marcusfairs @dezeen

Learn m‚Ä¶",Neutral
"#artificial #intelligece #ai on the #Flux network? Yes, please!

#nvidia #jetson added to the networküí™

$Flux addng new usecases‚Ä¶",Positive
"Yes, you heard it right. Our new, improved and revamped website is live now. It‚Äôs time you channel the true power of data and tur‚Ä¶",Positive
"Learning Discontinuous Contact Dynamics with Smooth, ‚Ä¶ htt‚Ä¶",Positive
"üíé #OMEGAGALAXIES @arch_diamond 

Agree Deal Confirmation 

#AI",Positive
